Study_ID,Product_Name,Batch_ID,Time_Point_Month,Test_Date,Study_Type,Storage_Temperature,Storage_Humidity,Packaging_Type,Potency_%,Impurity_%,Moisture_%,Dissolution_%,Potency_Lower,Potency_Upper,Impurity_Upper,Dissolution_Lower
ST-001,Omeparazole-20,B2023-814,0,2024-11-14,Long-term,25.0,60.0,Strip,99.76,0.079,1.13,98.7,95.0,105.0,1.0,80.0
ST-001,Omeparazole-20,B2023-814,3,2025-02-12,Long-term,25.0,60.0,Strip,99.35,0.111,1.54,98.8,95.0,105.0,1.0,80.0
ST-001,Omeparazole-20,B2023-814,6,2025-05-13,Long-term,25.0,60.0,Strip,98.69,0.192,2.42,92.8,95.0,105.0,1.0,80.0
ST-001,Omeparazole-20,B2023-814,9,2025-08-11,Long-term,25.0,60.0,Strip,98.18,0.208,1.19,94.5,95.0,105.0,1.0,80.0
ST-001,Omeparazole-20,B2023-814,12,2025-11-09,Long-term,25.0,60.0,Strip,97.49,0.247,1.1,93.2,95.0,105.0,1.0,80.0
ST-001,Omeparazole-20,B2023-814,18,2026-05-08,Long-term,25.0,60.0,Strip,96.31,0.346,2.53,97.8,95.0,105.0,1.0,80.0
ST-001,Omeparazole-20,B2023-814,24,2026-11-04,Long-term,25.0,60.0,Strip,95.09,0.437,1.09,95.2,95.0,105.0,1.0,80.0
ST-001,Omeparazole-20,B2023-814,36,2027-10-30,Long-term,25.0,60.0,Strip,92.46,0.618,1.37,91.8,95.0,105.0,1.0,80.0
ST-002,Metformin-XR,B2024-554,0,2024-08-14,Long-term,25.0,60.0,Strip,100.13,0.153,1.17,95.3,95.0,105.0,1.0,80.0
ST-002,Metformin-XR,B2024-554,3,2024-11-12,Long-term,25.0,60.0,Strip,99.64,0.194,2.01,95.5,95.0,105.0,1.0,80.0
ST-002,Metformin-XR,B2024-554,6,2025-02-10,Long-term,25.0,60.0,Strip,99.41,0.264,1.1,98.4,95.0,105.0,1.0,80.0
ST-002,Metformin-XR,B2024-554,9,2025-05-11,Long-term,25.0,60.0,Strip,95.94,0.808,2.6,94.4,95.0,105.0,1.0,80.0
ST-002,Metformin-XR,B2024-554,12,2025-08-09,Long-term,25.0,60.0,Strip,98.39,0.382,2.67,95.0,95.0,105.0,1.0,80.0
ST-002,Metformin-XR,B2024-554,18,2026-02-05,Long-term,25.0,60.0,Strip,97.41,0.511,2.93,97.0,95.0,105.0,1.0,80.0
ST-002,Metformin-XR,B2024-554,24,2026-08-04,Long-term,25.0,60.0,Strip,96.74,0.632,2.04,90.6,95.0,105.0,1.0,80.0
ST-002,Metformin-XR,B2024-554,36,2027-07-30,Long-term,25.0,60.0,Strip,94.72,0.843,1.3,98.8,95.0,105.0,1.0,80.0
ST-003,Amoxy-250,B2024-652,0,2023-09-01,Long-term,25.0,60.0,Strip,99.52,0.185,2.46,98.9,95.0,105.0,1.0,80.0
ST-003,Amoxy-250,B2024-652,3,2023-11-30,Long-term,25.0,60.0,Strip,97.69,0.385,1.49,93.0,95.0,105.0,1.0,80.0
ST-003,Amoxy-250,B2024-652,6,2024-02-28,Long-term,25.0,60.0,Strip,96.33,0.619,1.15,99.9,95.0,105.0,1.0,80.0
ST-003,Amoxy-250,B2024-652,9,2024-05-28,Long-term,25.0,60.0,Strip,94.6,0.828,2.24,98.1,95.0,105.0,1.0,80.0
ST-003,Amoxy-250,B2024-652,12,2024-08-26,Long-term,25.0,60.0,Strip,93.03,1.051,2.18,97.8,95.0,105.0,1.0,80.0
ST-003,Amoxy-250,B2024-652,18,2025-02-22,Long-term,25.0,60.0,Strip,89.65,1.512,1.16,97.7,95.0,105.0,1.0,80.0
ST-003,Amoxy-250,B2024-652,24,2025-08-21,Long-term,25.0,60.0,Strip,86.63,1.954,2.26,91.8,95.0,105.0,1.0,80.0
ST-004,Metformin-XR,B2025-308,0,2023-11-30,Long-term,25.0,60.0,Strip,99.87,0.061,2.4,91.7,95.0,105.0,1.0,80.0
ST-004,Metformin-XR,B2025-308,3,2024-02-28,Long-term,25.0,60.0,Strip,99.5,0.118,2.27,91.9,95.0,105.0,1.0,80.0
ST-004,Metformin-XR,B2025-308,6,2024-05-28,Long-term,25.0,60.0,Strip,98.99,0.223,1.15,95.8,95.0,105.0,1.0,80.0
ST-004,Metformin-XR,B2025-308,9,2024-08-26,Long-term,25.0,60.0,Strip,98.31,0.287,1.46,91.1,95.0,105.0,1.0,80.0
ST-004,Metformin-XR,B2025-308,12,2024-11-24,Long-term,25.0,60.0,Strip,97.66,0.362,2.78,98.1,95.0,105.0,1.0,80.0
ST-004,Metformin-XR,B2025-308,18,2025-05-23,Long-term,25.0,60.0,Strip,96.71,0.493,2.23,92.9,95.0,105.0,1.0,80.0
ST-004,Metformin-XR,B2025-308,24,2025-11-19,Long-term,25.0,60.0,Strip,96.03,0.632,1.43,95.9,95.0,105.0,1.0,80.0
ST-004,Metformin-XR,B2025-308,36,2026-11-14,Long-term,25.0,60.0,Strip,94.03,0.927,1.27,97.7,95.0,105.0,1.0,80.0
ST-005,Omeparazole-20,B2024-830,0,2024-03-28,Long-term,25.0,60.0,Bottle,100.19,0.067,1.5,94.0,95.0,105.0,1.0,80.0
ST-005,Omeparazole-20,B2024-830,3,2024-06-26,Long-term,25.0,60.0,Bottle,99.88,0.145,2.83,97.8,95.0,105.0,1.0,80.0
ST-005,Omeparazole-20,B2024-830,6,2024-09-24,Long-term,25.0,60.0,Bottle,99.34,0.212,2.92,95.2,95.0,105.0,1.0,80.0
ST-005,Omeparazole-20,B2024-830,9,2024-12-23,Long-term,25.0,60.0,Bottle,98.93,0.303,2.75,92.5,95.0,105.0,1.0,80.0
ST-005,Omeparazole-20,B2024-830,12,2025-03-23,Long-term,25.0,60.0,Bottle,98.45,0.385,1.78,98.1,95.0,105.0,1.0,80.0
ST-005,Omeparazole-20,B2024-830,18,2025-09-19,Long-term,25.0,60.0,Bottle,97.32,0.528,1.47,92.0,95.0,105.0,1.0,80.0
ST-005,Omeparazole-20,B2024-830,24,2026-03-18,Long-term,25.0,60.0,Bottle,96.29,0.684,1.62,91.5,95.0,105.0,1.0,80.0
ST-005,Omeparazole-20,B2024-830,36,2027-03-13,Long-term,25.0,60.0,Bottle,94.3,0.982,2.9,90.4,95.0,105.0,1.0,80.0
ST-006,Amoxy-250,B2023-293,0,2024-11-09,Long-term,25.0,60.0,Strip,99.16,0.127,1.5,94.6,95.0,105.0,1.0,80.0
ST-006,Amoxy-250,B2023-293,3,2025-02-07,Long-term,25.0,60.0,Strip,97.86,0.378,1.84,94.6,95.0,105.0,1.0,80.0
ST-006,Amoxy-250,B2023-293,6,2025-05-08,Long-term,25.0,60.0,Strip,96.08,0.634,1.4,98.8,95.0,105.0,1.0,80.0
ST-006,Amoxy-250,B2023-293,9,2025-08-06,Long-term,25.0,60.0,Strip,94.47,0.846,2.95,96.4,95.0,105.0,1.0,80.0
ST-006,Amoxy-250,B2023-293,12,2025-11-04,Long-term,25.0,60.0,Strip,92.82,1.103,2.08,97.0,95.0,105.0,1.0,80.0
ST-006,Amoxy-250,B2023-293,18,2026-05-03,Long-term,25.0,60.0,Strip,89.82,1.56,2.12,92.4,95.0,105.0,1.0,80.0
ST-006,Amoxy-250,B2023-293,24,2026-10-30,Long-term,25.0,60.0,Strip,86.49,2.045,1.17,97.1,95.0,105.0,1.0,80.0
ST-007,Para-500,B2024-893,0,2023-07-11,Long-term,25.0,60.0,Blister,100.47,0.111,1.58,96.7,95.0,105.0,1.0,80.0
ST-007,Para-500,B2024-893,3,2023-10-09,Long-term,25.0,60.0,Blister,100.02,0.203,1.29,94.6,95.0,105.0,1.0,80.0
ST-007,Para-500,B2024-893,6,2024-01-07,Long-term,25.0,60.0,Blister,100.05,0.257,1.74,98.9,95.0,105.0,1.0,80.0
ST-007,Para-500,B2024-893,9,2024-04-06,Long-term,25.0,60.0,Blister,99.6,0.323,1.98,91.4,95.0,105.0,1.0,80.0
ST-007,Para-500,B2024-893,12,2024-07-05,Long-term,25.0,60.0,Blister,99.41,0.386,2.85,98.3,95.0,105.0,1.0,80.0
ST-007,Para-500,B2024-893,18,2025-01-01,Long-term,25.0,60.0,Blister,98.56,0.547,1.43,99.6,95.0,105.0,1.0,80.0
ST-007,Para-500,B2024-893,24,2025-06-30,Long-term,25.0,60.0,Blister,98.07,0.687,1.09,93.2,95.0,105.0,1.0,80.0
ST-007,Para-500,B2024-893,36,2026-06-25,Long-term,25.0,60.0,Blister,96.65,0.958,2.35,96.9,95.0,105.0,1.0,80.0
ST-008,Metformin-XR,B2025-648,0,2024-01-15,Long-term,25.0,60.0,Strip,99.12,0.165,2.67,97.4,95.0,105.0,1.0,80.0
ST-008,Metformin-XR,B2025-648,3,2024-04-14,Long-term,25.0,60.0,Strip,98.82,0.237,2.51,91.6,95.0,105.0,1.0,80.0
ST-008,Metformin-XR,B2025-648,6,2024-07-13,Long-term,25.0,60.0,Strip,98.41,0.294,1.19,94.0,95.0,105.0,1.0,80.0
ST-008,Metformin-XR,B2025-648,9,2024-10-11,Long-term,25.0,60.0,Strip,98.26,0.392,1.02,90.1,95.0,105.0,1.0,80.0
ST-008,Metformin-XR,B2025-648,12,2025-01-09,Long-term,25.0,60.0,Strip,97.8,0.457,2.91,99.4,95.0,105.0,1.0,80.0
ST-008,Metformin-XR,B2025-648,18,2025-07-08,Long-term,25.0,60.0,Strip,96.99,0.58,2.44,93.4,95.0,105.0,1.0,80.0
ST-008,Metformin-XR,B2025-648,24,2026-01-04,Long-term,25.0,60.0,Strip,96.02,0.755,1.85,94.1,95.0,105.0,1.0,80.0
ST-009,Amoxy-250,B2024-861,0,2024-09-02,Long-term,25.0,60.0,Strip,99.26,0.093,1.92,97.0,95.0,105.0,1.0,80.0
ST-009,Amoxy-250,B2024-861,3,2024-12-01,Long-term,25.0,60.0,Strip,98.79,0.165,1.22,90.6,95.0,105.0,1.0,80.0
ST-009,Amoxy-250,B2024-861,6,2025-03-01,Long-term,25.0,60.0,Strip,98.08,0.233,1.75,90.6,95.0,105.0,1.0,80.0
ST-009,Amoxy-250,B2024-861,9,2025-05-30,Long-term,25.0,60.0,Strip,98.05,0.309,1.73,97.1,95.0,105.0,1.0,80.0
ST-009,Amoxy-250,B2024-861,12,2025-08-28,Long-term,25.0,60.0,Strip,97.47,0.37,2.72,97.9,95.0,105.0,1.0,80.0
ST-009,Amoxy-250,B2024-861,18,2026-02-24,Long-term,25.0,60.0,Strip,96.68,0.512,2.05,95.3,95.0,105.0,1.0,80.0
ST-009,Amoxy-250,B2024-861,24,2026-08-23,Long-term,25.0,60.0,Strip,95.99,0.667,2.32,97.2,95.0,105.0,1.0,80.0
ST-010,Ibuprofen-400,B2023-538,0,2024-04-03,Long-term,25.0,60.0,Blister,100.49,0.16,2.15,98.2,95.0,105.0,1.0,80.0
ST-010,Ibuprofen-400,B2023-538,3,2024-07-02,Long-term,25.0,60.0,Blister,100.28,0.201,2.24,90.0,95.0,105.0,1.0,80.0
ST-010,Ibuprofen-400,B2023-538,6,2024-09-30,Long-term,25.0,60.0,Blister,99.95,0.261,2.29,93.7,95.0,105.0,1.0,80.0
ST-010,Ibuprofen-400,B2023-538,9,2024-12-29,Long-term,25.0,60.0,Blister,99.62,0.346,1.31,99.9,95.0,105.0,1.0,80.0
ST-010,Ibuprofen-400,B2023-538,12,2025-03-29,Long-term,25.0,60.0,Blister,99.14,0.386,1.42,97.2,95.0,105.0,1.0,80.0
ST-010,Ibuprofen-400,B2023-538,18,2025-09-25,Long-term,25.0,60.0,Blister,98.65,0.508,1.19,96.7,95.0,105.0,1.0,80.0
ST-010,Ibuprofen-400,B2023-538,24,2026-03-24,Long-term,25.0,60.0,Blister,97.9,0.632,2.8,96.3,95.0,105.0,1.0,80.0
ST-010,Ibuprofen-400,B2023-538,36,2027-03-19,Long-term,25.0,60.0,Blister,96.61,0.865,2.02,90.8,95.0,105.0,1.0,80.0
ST-011,Amoxy-250,B2024-290,0,2023-08-19,Long-term,25.0,60.0,Blister,100.78,0.172,1.74,95.7,95.0,105.0,1.0,80.0
ST-011,Amoxy-250,B2024-290,3,2023-11-17,Long-term,25.0,60.0,Blister,100.1,0.242,2.21,92.3,95.0,105.0,1.0,80.0
ST-011,Amoxy-250,B2024-290,6,2024-02-15,Long-term,25.0,60.0,Blister,99.87,0.325,1.66,96.0,95.0,105.0,1.0,80.0
ST-011,Amoxy-250,B2024-290,9,2024-05-15,Long-term,25.0,60.0,Blister,99.17,0.4,1.61,90.6,95.0,105.0,1.0,80.0
ST-011,Amoxy-250,B2024-290,12,2024-08-13,Long-term,25.0,60.0,Blister,98.62,0.489,2.94,95.4,95.0,105.0,1.0,80.0
ST-011,Amoxy-250,B2024-290,18,2025-02-09,Long-term,25.0,60.0,Blister,97.9,0.64,1.18,92.8,95.0,105.0,1.0,80.0
ST-011,Amoxy-250,B2024-290,24,2025-08-08,Long-term,25.0,60.0,Blister,96.93,0.773,1.5,97.3,95.0,105.0,1.0,80.0
ST-012,Omeparazole-20,B2023-384,0,2023-11-01,Long-term,25.0,60.0,Blister,100.48,0.128,1.21,97.4,95.0,105.0,1.0,80.0
ST-012,Omeparazole-20,B2023-384,3,2024-01-30,Long-term,25.0,60.0,Blister,100.31,0.215,1.58,91.9,95.0,105.0,1.0,80.0
ST-012,Omeparazole-20,B2023-384,6,2024-04-29,Long-term,25.0,60.0,Blister,99.68,0.241,1.74,90.2,95.0,105.0,1.0,80.0
ST-012,Omeparazole-20,B2023-384,9,2024-07-28,Long-term,25.0,60.0,Blister,96.42,0.827,1.13,95.5,95.0,105.0,1.0,80.0
ST-012,Omeparazole-20,B2023-384,12,2024-10-26,Long-term,25.0,60.0,Blister,98.82,0.371,1.54,93.5,95.0,105.0,1.0,80.0
ST-012,Omeparazole-20,B2023-384,18,2025-04-24,Long-term,25.0,60.0,Blister,97.86,0.48,1.2,97.6,95.0,105.0,1.0,80.0
ST-012,Omeparazole-20,B2023-384,24,2025-10-21,Long-term,25.0,60.0,Blister,96.99,0.598,1.52,97.8,95.0,105.0,1.0,80.0
ST-012,Omeparazole-20,B2023-384,36,2026-10-16,Long-term,25.0,60.0,Blister,95.04,0.877,1.85,91.3,95.0,105.0,1.0,80.0
ST-013,Para-500,B2025-171,0,2024-04-05,Long-term,25.0,60.0,Bottle,98.96,0.081,2.35,92.3,95.0,105.0,1.0,80.0
ST-013,Para-500,B2025-171,3,2024-07-04,Long-term,25.0,60.0,Bottle,98.75,0.113,2.23,90.1,95.0,105.0,1.0,80.0
ST-013,Para-500,B2025-171,6,2024-10-02,Long-term,25.0,60.0,Bottle,98.38,0.162,1.74,92.5,95.0,105.0,1.0,80.0
ST-013,Para-500,B2025-171,9,2024-12-31,Long-term,25.0,60.0,Bottle,98.01,0.213,1.07,92.7,95.0,105.0,1.0,80.0
ST-013,Para-500,B2025-171,12,2025-03-31,Long-term,25.0,60.0,Bottle,97.63,0.281,2.51,91.4,95.0,105.0,1.0,80.0
ST-013,Para-500,B2025-171,18,2025-09-27,Long-term,25.0,60.0,Bottle,96.94,0.413,2.23,98.5,95.0,105.0,1.0,80.0
ST-013,Para-500,B2025-171,24,2026-03-26,Long-term,25.0,60.0,Bottle,96.42,0.516,2.63,93.3,95.0,105.0,1.0,80.0
ST-014,Ibuprofen-400,B2025-113,0,2023-06-03,Long-term,25.0,60.0,Bottle,99.9,0.199,1.06,98.3,95.0,105.0,1.0,80.0
ST-014,Ibuprofen-400,B2025-113,3,2023-09-01,Long-term,25.0,60.0,Bottle,98.64,0.367,1.46,96.6,95.0,105.0,1.0,80.0
ST-014,Ibuprofen-400,B2025-113,6,2023-11-30,Long-term,25.0,60.0,Bottle,97.35,0.522,2.17,96.4,95.0,105.0,1.0,80.0
ST-014,Ibuprofen-400,B2025-113,9,2024-02-28,Long-term,25.0,60.0,Bottle,95.99,0.693,2.34,91.2,95.0,105.0,1.0,80.0
ST-014,Ibuprofen-400,B2025-113,12,2024-05-28,Long-term,25.0,60.0,Bottle,94.81,0.834,2.26,96.9,95.0,105.0,1.0,80.0
ST-014,Ibuprofen-400,B2025-113,18,2024-11-24,Long-term,25.0,60.0,Bottle,92.24,1.184,1.91,92.0,95.0,105.0,1.0,80.0
ST-014,Ibuprofen-400,B2025-113,24,2025-05-23,Long-term,25.0,60.0,Bottle,89.98,1.511,2.07,95.9,95.0,105.0,1.0,80.0
ST-014,Ibuprofen-400,B2025-113,36,2026-05-18,Long-term,25.0,60.0,Bottle,84.81,2.165,2.87,92.5,95.0,105.0,1.0,80.0
ST-015,Metformin-XR,B2023-474,0,2023-07-20,Long-term,25.0,60.0,Bottle,100.28,0.088,1.95,94.6,95.0,105.0,1.0,80.0
ST-015,Metformin-XR,B2023-474,3,2023-10-18,Long-term,25.0,60.0,Bottle,99.9,0.089,1.36,92.2,95.0,105.0,1.0,80.0
ST-015,Metformin-XR,B2023-474,6,2024-01-16,Long-term,25.0,60.0,Bottle,99.14,0.156,2.07,94.6,95.0,105.0,1.0,80.0
ST-015,Metformin-XR,B2023-474,9,2024-04-15,Long-term,25.0,60.0,Bottle,98.9,0.186,1.79,99.9,95.0,105.0,1.0,80.0
ST-015,Metformin-XR,B2023-474,12,2024-07-14,Long-term,25.0,60.0,Bottle,98.34,0.198,1.82,93.6,95.0,105.0,1.0,80.0
ST-015,Metformin-XR,B2023-474,18,2025-01-10,Long-term,25.0,60.0,Bottle,97.09,0.255,1.14,95.6,95.0,105.0,1.0,80.0
ST-015,Metformin-XR,B2023-474,24,2025-07-09,Long-term,25.0,60.0,Bottle,96.13,0.341,1.81,96.3,95.0,105.0,1.0,80.0
ST-015,Metformin-XR,B2023-474,36,2026-07-04,Long-term,25.0,60.0,Bottle,93.93,0.475,2.97,99.4,95.0,105.0,1.0,80.0
ST-016,Ibuprofen-400,B2023-677,0,2023-07-06,Long-term,25.0,60.0,Strip,99.67,0.147,1.38,95.8,95.0,105.0,1.0,80.0
ST-016,Ibuprofen-400,B2023-677,3,2023-10-04,Long-term,25.0,60.0,Strip,97.89,0.416,1.71,98.7,95.0,105.0,1.0,80.0
ST-016,Ibuprofen-400,B2023-677,6,2024-01-02,Long-term,25.0,60.0,Strip,96.4,0.658,2.19,97.5,95.0,105.0,1.0,80.0
ST-016,Ibuprofen-400,B2023-677,9,2024-04-01,Long-term,25.0,60.0,Strip,95.07,0.893,2.8,99.3,95.0,105.0,1.0,80.0
ST-016,Ibuprofen-400,B2023-677,12,2024-06-30,Long-term,25.0,60.0,Strip,93.47,1.112,1.73,98.7,95.0,105.0,1.0,80.0
ST-016,Ibuprofen-400,B2023-677,18,2024-12-27,Long-term,25.0,60.0,Strip,90.62,1.613,2.04,91.5,95.0,105.0,1.0,80.0
ST-016,Ibuprofen-400,B2023-677,24,2025-06-25,Long-term,25.0,60.0,Strip,87.49,2.082,1.2,98.0,95.0,105.0,1.0,80.0
ST-017,Metformin-XR,B2024-665,0,2025-02-06,Long-term,25.0,60.0,Blister,100.77,0.184,1.41,94.8,95.0,105.0,1.0,80.0
ST-017,Metformin-XR,B2024-665,3,2025-05-07,Long-term,25.0,60.0,Blister,99.13,0.325,2.6,90.7,95.0,105.0,1.0,80.0
ST-017,Metformin-XR,B2024-665,6,2025-08-05,Long-term,25.0,60.0,Blister,97.33,0.518,1.66,93.5,95.0,105.0,1.0,80.0
ST-017,Metformin-XR,B2024-665,9,2025-11-03,Long-term,25.0,60.0,Blister,95.86,0.68,1.96,97.8,95.0,105.0,1.0,80.0
ST-017,Metformin-XR,B2024-665,12,2026-02-01,Long-term,25.0,60.0,Blister,94.09,0.842,1.81,94.9,95.0,105.0,1.0,80.0
ST-017,Metformin-XR,B2024-665,18,2026-07-31,Long-term,25.0,60.0,Blister,90.92,1.177,1.36,92.2,95.0,105.0,1.0,80.0
ST-017,Metformin-XR,B2024-665,24,2027-01-27,Long-term,25.0,60.0,Blister,87.5,1.536,2.58,95.9,95.0,105.0,1.0,80.0
ST-018,Ibuprofen-400,B2023-116,0,2023-07-20,Long-term,25.0,60.0,Strip,100.49,0.165,1.1,95.4,95.0,105.0,1.0,80.0
ST-018,Ibuprofen-400,B2023-116,3,2023-10-18,Long-term,25.0,60.0,Strip,99.84,0.241,2.73,99.0,95.0,105.0,1.0,80.0
ST-018,Ibuprofen-400,B2023-116,6,2024-01-16,Long-term,25.0,60.0,Strip,99.84,0.299,1.59,95.9,95.0,105.0,1.0,80.0
ST-018,Ibuprofen-400,B2023-116,9,2024-04-15,Long-term,25.0,60.0,Strip,99.42,0.35,1.81,92.1,95.0,105.0,1.0,80.0
ST-018,Ibuprofen-400,B2023-116,12,2024-07-14,Long-term,25.0,60.0,Strip,99.18,0.423,2.96,95.8,95.0,105.0,1.0,80.0
ST-018,Ibuprofen-400,B2023-116,18,2025-01-10,Long-term,25.0,60.0,Strip,98.56,0.566,2.61,96.6,95.0,105.0,1.0,80.0
ST-018,Ibuprofen-400,B2023-116,24,2025-07-09,Long-term,25.0,60.0,Strip,97.79,0.709,1.11,98.0,95.0,105.0,1.0,80.0
ST-019,Amoxy-250,B2023-629,0,2024-12-08,Long-term,25.0,60.0,Bottle,99.96,0.187,2.97,92.6,95.0,105.0,1.0,80.0
ST-019,Amoxy-250,B2023-629,3,2025-03-08,Long-term,25.0,60.0,Bottle,99.5,0.275,1.76,100.0,95.0,105.0,1.0,80.0
ST-019,Amoxy-250,B2023-629,6,2025-06-06,Long-term,25.0,60.0,Bottle,99.21,0.352,1.39,96.6,95.0,105.0,1.0,80.0
ST-019,Amoxy-250,B2023-629,9,2025-09-04,Long-term,25.0,60.0,Bottle,98.82,0.424,1.51,98.4,95.0,105.0,1.0,80.0
ST-019,Amoxy-250,B2023-629,12,2025-12-03,Long-term,25.0,60.0,Bottle,98.33,0.502,1.43,96.8,95.0,105.0,1.0,80.0
ST-019,Amoxy-250,B2023-629,18,2026-06-01,Long-term,25.0,60.0,Bottle,97.34,0.638,1.33,94.5,95.0,105.0,1.0,80.0
ST-019,Amoxy-250,B2023-629,24,2026-11-28,Long-term,25.0,60.0,Bottle,96.38,0.812,2.54,98.6,95.0,105.0,1.0,80.0
ST-019,Amoxy-250,B2023-629,36,2027-11-23,Long-term,25.0,60.0,Bottle,94.41,1.076,2.17,94.2,95.0,105.0,1.0,80.0
ST-020,Metformin-XR,B2024-103,0,2024-10-28,Long-term,25.0,60.0,Bottle,100.41,0.162,2.14,94.1,95.0,105.0,1.0,80.0
ST-020,Metformin-XR,B2024-103,3,2025-01-26,Long-term,25.0,60.0,Bottle,99.82,0.219,1.76,98.3,95.0,105.0,1.0,80.0
ST-020,Metformin-XR,B2024-103,6,2025-04-26,Long-term,25.0,60.0,Bottle,99.6,0.316,1.29,92.6,95.0,105.0,1.0,80.0
ST-020,Metformin-XR,B2024-103,9,2025-07-25,Long-term,25.0,60.0,Bottle,99.32,0.378,2.82,95.8,95.0,105.0,1.0,80.0
ST-020,Metformin-XR,B2024-103,12,2025-10-23,Long-term,25.0,60.0,Bottle,98.85,0.427,2.46,95.9,95.0,105.0,1.0,80.0
ST-020,Metformin-XR,B2024-103,18,2026-04-21,Long-term,25.0,60.0,Bottle,98.04,0.582,2.01,90.3,95.0,105.0,1.0,80.0
ST-020,Metformin-XR,B2024-103,24,2026-10-18,Long-term,25.0,60.0,Bottle,97.26,0.729,1.83,93.4,95.0,105.0,1.0,80.0
ST-021,Ibuprofen-400,B2023-297,0,2023-10-10,Long-term,25.0,60.0,Bottle,100.14,0.081,1.43,94.8,95.0,105.0,1.0,80.0
ST-021,Ibuprofen-400,B2023-297,3,2024-01-08,Long-term,25.0,60.0,Bottle,99.58,0.18,1.27,94.7,95.0,105.0,1.0,80.0
ST-021,Ibuprofen-400,B2023-297,6,2024-04-07,Long-term,25.0,60.0,Bottle,99.14,0.247,1.7,95.9,95.0,105.0,1.0,80.0
ST-021,Ibuprofen-400,B2023-297,9,2024-07-06,Long-term,25.0,60.0,Bottle,98.44,0.333,2.64,93.7,95.0,105.0,1.0,80.0
ST-021,Ibuprofen-400,B2023-297,12,2024-10-04,Long-term,25.0,60.0,Bottle,97.95,0.434,2.89,95.0,95.0,105.0,1.0,80.0
ST-021,Ibuprofen-400,B2023-297,18,2025-04-02,Long-term,25.0,60.0,Bottle,96.76,0.627,2.77,91.9,95.0,105.0,1.0,80.0
ST-021,Ibuprofen-400,B2023-297,24,2025-09-29,Long-term,25.0,60.0,Bottle,95.76,0.785,2.07,95.8,95.0,105.0,1.0,80.0
ST-021,Ibuprofen-400,B2023-297,36,2026-09-24,Long-term,25.0,60.0,Bottle,93.87,1.167,2.92,95.0,95.0,105.0,1.0,80.0
ST-022,Ibuprofen-400,B2024-187,0,2024-07-29,Long-term,25.0,60.0,Bottle,99.44,0.044,1.33,91.6,95.0,105.0,1.0,80.0
ST-022,Ibuprofen-400,B2024-187,3,2024-10-27,Long-term,25.0,60.0,Bottle,99.12,0.114,1.63,90.4,95.0,105.0,1.0,80.0
ST-022,Ibuprofen-400,B2024-187,6,2025-01-25,Long-term,25.0,60.0,Bottle,98.72,0.197,1.26,96.3,95.0,105.0,1.0,80.0
ST-022,Ibuprofen-400,B2024-187,9,2025-04-25,Long-term,25.0,60.0,Bottle,95.47,0.727,2.16,92.6,95.0,105.0,1.0,80.0
ST-022,Ibuprofen-400,B2024-187,12,2025-07-24,Long-term,25.0,60.0,Bottle,97.67,0.281,2.76,97.7,95.0,105.0,1.0,80.0
ST-022,Ibuprofen-400,B2024-187,18,2026-01-20,Long-term,25.0,60.0,Bottle,97.0,0.42,2.27,98.9,95.0,105.0,1.0,80.0
ST-022,Ibuprofen-400,B2024-187,24,2026-07-19,Long-term,25.0,60.0,Bottle,96.23,0.523,2.39,93.3,95.0,105.0,1.0,80.0
ST-023,Para-500,B2025-781,0,2024-05-31,Long-term,25.0,60.0,Blister,99.13,0.158,2.44,91.8,95.0,105.0,1.0,80.0
ST-023,Para-500,B2025-781,3,2024-08-29,Long-term,25.0,60.0,Blister,98.97,0.204,3.0,92.4,95.0,105.0,1.0,80.0
ST-023,Para-500,B2025-781,6,2024-11-27,Long-term,25.0,60.0,Blister,98.23,0.313,1.38,90.6,95.0,105.0,1.0,80.0
ST-023,Para-500,B2025-781,9,2025-02-25,Long-term,25.0,60.0,Blister,97.97,0.372,2.12,95.1,95.0,105.0,1.0,80.0
ST-023,Para-500,B2025-781,12,2025-05-26,Long-term,25.0,60.0,Blister,97.6,0.458,1.59,95.5,95.0,105.0,1.0,80.0
ST-023,Para-500,B2025-781,18,2025-11-22,Long-term,25.0,60.0,Blister,96.8,0.608,2.24,98.2,95.0,105.0,1.0,80.0
ST-023,Para-500,B2025-781,24,2026-05-21,Long-term,25.0,60.0,Blister,95.97,0.794,1.65,91.6,95.0,105.0,1.0,80.0
ST-023,Para-500,B2025-781,36,2027-05-16,Long-term,25.0,60.0,Blister,94.4,1.114,2.28,95.7,95.0,105.0,1.0,80.0
ST-024,Para-500,B2024-382,0,2024-08-08,Long-term,25.0,60.0,Bottle,100.89,0.182,2.22,97.0,95.0,105.0,1.0,80.0
ST-024,Para-500,B2024-382,3,2024-11-06,Long-term,25.0,60.0,Bottle,100.45,0.207,2.22,90.8,95.0,105.0,1.0,80.0
ST-024,Para-500,B2024-382,6,2025-02-04,Long-term,25.0,60.0,Bottle,100.08,0.287,1.1,93.5,95.0,105.0,1.0,80.0
ST-024,Para-500,B2024-382,9,2025-05-05,Long-term,25.0,60.0,Bottle,96.47,0.848,1.02,98.7,95.0,105.0,1.0,80.0
ST-024,Para-500,B2024-382,12,2025-08-03,Long-term,25.0,60.0,Bottle,99.0,0.419,2.22,95.7,95.0,105.0,1.0,80.0
ST-024,Para-500,B2024-382,18,2026-01-30,Long-term,25.0,60.0,Bottle,98.23,0.521,1.57,99.5,95.0,105.0,1.0,80.0
ST-024,Para-500,B2024-382,24,2026-07-29,Long-term,25.0,60.0,Bottle,97.34,0.625,1.78,97.5,95.0,105.0,1.0,80.0
ST-024,Para-500,B2024-382,36,2027-07-24,Long-term,25.0,60.0,Bottle,95.28,0.873,2.32,95.6,95.0,105.0,1.0,80.0
ST-025,Amoxy-250,B2024-144,0,2023-09-17,Long-term,25.0,60.0,Blister,99.37,0.151,2.12,92.8,95.0,105.0,1.0,80.0
ST-025,Amoxy-250,B2024-144,3,2023-12-16,Long-term,25.0,60.0,Blister,98.82,0.26,2.72,98.5,95.0,105.0,1.0,80.0
ST-025,Amoxy-250,B2024-144,6,2024-03-15,Long-term,25.0,60.0,Blister,98.54,0.339,2.61,98.9,95.0,105.0,1.0,80.0
ST-025,Amoxy-250,B2024-144,9,2024-06-13,Long-term,25.0,60.0,Blister,98.49,0.403,1.53,99.2,95.0,105.0,1.0,80.0
ST-025,Amoxy-250,B2024-144,12,2024-09-11,Long-term,25.0,60.0,Blister,98.13,0.499,1.16,98.7,95.0,105.0,1.0,80.0
ST-025,Amoxy-250,B2024-144,18,2025-03-10,Long-term,25.0,60.0,Blister,97.26,0.683,1.92,93.1,95.0,105.0,1.0,80.0
ST-025,Amoxy-250,B2024-144,24,2025-09-06,Long-term,25.0,60.0,Blister,96.72,0.839,2.52,96.6,95.0,105.0,1.0,80.0
ST-025,Amoxy-250,B2024-144,36,2026-09-01,Long-term,25.0,60.0,Blister,95.49,1.199,2.02,99.2,95.0,105.0,1.0,80.0
ST-026,Omeparazole-20,B2025-829,0,2023-11-10,Long-term,25.0,60.0,Blister,100.84,0.076,1.22,96.8,95.0,105.0,1.0,80.0
ST-026,Omeparazole-20,B2025-829,3,2024-02-08,Long-term,25.0,60.0,Blister,100.49,0.137,2.56,92.8,95.0,105.0,1.0,80.0
ST-026,Omeparazole-20,B2025-829,6,2024-05-08,Long-term,25.0,60.0,Blister,99.94,0.176,2.86,94.3,95.0,105.0,1.0,80.0
ST-026,Omeparazole-20,B2025-829,9,2024-08-06,Long-term,25.0,60.0,Blister,99.68,0.199,2.64,95.2,95.0,105.0,1.0,80.0
ST-026,Omeparazole-20,B2025-829,12,2024-11-04,Long-term,25.0,60.0,Blister,99.11,0.243,2.28,94.8,95.0,105.0,1.0,80.0
ST-026,Omeparazole-20,B2025-829,18,2025-05-03,Long-term,25.0,60.0,Blister,98.31,0.352,1.94,94.4,95.0,105.0,1.0,80.0
ST-026,Omeparazole-20,B2025-829,24,2025-10-30,Long-term,25.0,60.0,Blister,97.6,0.418,2.48,92.3,95.0,105.0,1.0,80.0
ST-026,Omeparazole-20,B2025-829,36,2026-10-25,Long-term,25.0,60.0,Blister,95.84,0.6,2.61,97.6,95.0,105.0,1.0,80.0
ST-027,Ibuprofen-400,B2023-777,0,2024-10-11,Long-term,25.0,60.0,Blister,100.16,0.112,2.46,96.6,95.0,105.0,1.0,80.0
ST-027,Ibuprofen-400,B2023-777,3,2025-01-09,Long-term,25.0,60.0,Blister,99.64,0.131,2.11,94.1,95.0,105.0,1.0,80.0
ST-027,Ibuprofen-400,B2023-777,6,2025-04-09,Long-term,25.0,60.0,Blister,99.27,0.21,1.75,93.3,95.0,105.0,1.0,80.0
ST-027,Ibuprofen-400,B2023-777,9,2025-07-08,Long-term,25.0,60.0,Blister,98.89,0.217,2.73,93.9,95.0,105.0,1.0,80.0
ST-027,Ibuprofen-400,B2023-777,12,2025-10-06,Long-term,25.0,60.0,Blister,98.13,0.292,2.51,99.8,95.0,105.0,1.0,80.0
ST-027,Ibuprofen-400,B2023-777,18,2026-04-04,Long-term,25.0,60.0,Blister,97.24,0.346,1.75,97.7,95.0,105.0,1.0,80.0
ST-027,Ibuprofen-400,B2023-777,24,2026-10-01,Long-term,25.0,60.0,Blister,96.47,0.461,2.27,95.0,95.0,105.0,1.0,80.0
ST-027,Ibuprofen-400,B2023-777,36,2027-09-26,Long-term,25.0,60.0,Blister,94.76,0.627,1.18,97.0,95.0,105.0,1.0,80.0
ST-028,Omeparazole-20,B2024-622,0,2023-11-15,Long-term,25.0,60.0,Bottle,100.65,0.146,2.23,94.3,95.0,105.0,1.0,80.0
ST-028,Omeparazole-20,B2024-622,3,2024-02-13,Long-term,25.0,60.0,Bottle,100.09,0.203,2.34,98.1,95.0,105.0,1.0,80.0
ST-028,Omeparazole-20,B2024-622,6,2024-05-13,Long-term,25.0,60.0,Bottle,99.64,0.239,2.73,95.8,95.0,105.0,1.0,80.0
ST-028,Omeparazole-20,B2024-622,9,2024-08-11,Long-term,25.0,60.0,Bottle,99.51,0.307,2.76,94.5,95.0,105.0,1.0,80.0
ST-028,Omeparazole-20,B2024-622,12,2024-11-09,Long-term,25.0,60.0,Bottle,99.11,0.364,2.03,92.3,95.0,105.0,1.0,80.0
ST-028,Omeparazole-20,B2024-622,18,2025-05-08,Long-term,25.0,60.0,Bottle,98.14,0.505,1.23,92.7,95.0,105.0,1.0,80.0
ST-028,Omeparazole-20,B2024-622,24,2025-11-04,Long-term,25.0,60.0,Bottle,97.58,0.595,2.39,94.9,95.0,105.0,1.0,80.0
ST-029,Para-500,B2025-886,0,2024-11-13,Long-term,25.0,60.0,Strip,100.26,0.147,1.38,92.2,95.0,105.0,1.0,80.0
ST-029,Para-500,B2025-886,3,2025-02-11,Long-term,25.0,60.0,Strip,99.56,0.198,2.38,90.2,95.0,105.0,1.0,80.0
ST-029,Para-500,B2025-886,6,2025-05-12,Long-term,25.0,60.0,Strip,99.22,0.252,2.09,99.7,95.0,105.0,1.0,80.0
ST-029,Para-500,B2025-886,9,2025-08-10,Long-term,25.0,60.0,Strip,95.86,0.821,2.63,99.7,95.0,105.0,1.0,80.0
ST-029,Para-500,B2025-886,12,2025-11-08,Long-term,25.0,60.0,Strip,98.2,0.382,1.76,95.1,95.0,105.0,1.0,80.0
ST-029,Para-500,B2025-886,18,2026-05-07,Long-term,25.0,60.0,Strip,97.51,0.509,2.24,94.5,95.0,105.0,1.0,80.0
ST-029,Para-500,B2025-886,24,2026-11-03,Long-term,25.0,60.0,Strip,96.31,0.593,1.9,99.1,95.0,105.0,1.0,80.0
ST-030,Amoxy-250,B2025-180,0,2023-05-26,Long-term,25.0,60.0,Blister,100.74,0.16,2.36,94.4,95.0,105.0,1.0,80.0
ST-030,Amoxy-250,B2025-180,3,2023-08-24,Long-term,25.0,60.0,Blister,100.28,0.192,2.11,91.1,95.0,105.0,1.0,80.0
ST-030,Amoxy-250,B2025-180,6,2023-11-22,Long-term,25.0,60.0,Blister,100.04,0.226,1.59,97.4,95.0,105.0,1.0,80.0
ST-030,Amoxy-250,B2025-180,9,2024-02-20,Long-term,25.0,60.0,Blister,99.45,0.302,2.62,96.2,95.0,105.0,1.0,80.0
ST-030,Amoxy-250,B2025-180,12,2024-05-20,Long-term,25.0,60.0,Blister,99.18,0.325,1.93,94.2,95.0,105.0,1.0,80.0
ST-030,Amoxy-250,B2025-180,18,2024-11-16,Long-term,25.0,60.0,Blister,97.91,0.425,2.21,91.7,95.0,105.0,1.0,80.0
ST-030,Amoxy-250,B2025-180,24,2025-05-15,Long-term,25.0,60.0,Blister,97.15,0.478,1.2,95.3,95.0,105.0,1.0,80.0
ST-031,Omeparazole-20,B2024-564,0,2024-01-07,Long-term,25.0,60.0,Strip,99.45,0.1,2.85,91.0,95.0,105.0,1.0,80.0
ST-031,Omeparazole-20,B2024-564,3,2024-04-06,Long-term,25.0,60.0,Strip,99.08,0.166,1.88,96.1,95.0,105.0,1.0,80.0
ST-031,Omeparazole-20,B2024-564,6,2024-07-05,Long-term,25.0,60.0,Strip,98.67,0.238,1.47,91.0,95.0,105.0,1.0,80.0
ST-031,Omeparazole-20,B2024-564,9,2024-10-03,Long-term,25.0,60.0,Strip,98.3,0.319,2.98,91.7,95.0,105.0,1.0,80.0
ST-031,Omeparazole-20,B2024-564,12,2025-01-01,Long-term,25.0,60.0,Strip,97.83,0.405,1.71,98.1,95.0,105.0,1.0,80.0
ST-031,Omeparazole-20,B2024-564,18,2025-06-30,Long-term,25.0,60.0,Strip,96.89,0.555,2.59,90.1,95.0,105.0,1.0,80.0
ST-031,Omeparazole-20,B2024-564,24,2025-12-27,Long-term,25.0,60.0,Strip,95.84,0.7,1.87,90.6,95.0,105.0,1.0,80.0
ST-031,Omeparazole-20,B2024-564,36,2026-12-22,Long-term,25.0,60.0,Strip,94.42,1.013,2.79,91.1,95.0,105.0,1.0,80.0
ST-032,Para-500,B2023-406,0,2024-03-28,Long-term,25.0,60.0,Bottle,99.0,0.185,1.05,92.2,95.0,105.0,1.0,80.0
ST-032,Para-500,B2023-406,3,2024-06-26,Long-term,25.0,60.0,Bottle,98.85,0.226,2.87,91.3,95.0,105.0,1.0,80.0
ST-032,Para-500,B2023-406,6,2024-09-24,Long-term,25.0,60.0,Bottle,98.25,0.273,1.84,97.7,95.0,105.0,1.0,80.0
ST-032,Para-500,B2023-406,9,2024-12-23,Long-term,25.0,60.0,Bottle,94.7,0.84,2.96,94.9,95.0,105.0,1.0,80.0
ST-032,Para-500,B2023-406,12,2025-03-23,Long-term,25.0,60.0,Bottle,97.43,0.425,1.35,98.1,95.0,105.0,1.0,80.0
ST-032,Para-500,B2023-406,18,2025-09-19,Long-term,25.0,60.0,Bottle,96.42,0.547,2.19,91.5,95.0,105.0,1.0,80.0
ST-032,Para-500,B2023-406,24,2026-03-18,Long-term,25.0,60.0,Bottle,95.45,0.656,2.82,90.2,95.0,105.0,1.0,80.0
ST-032,Para-500,B2023-406,36,2027-03-13,Long-term,25.0,60.0,Bottle,93.81,0.893,2.83,93.5,95.0,105.0,1.0,80.0
ST-033,Amoxy-250,B2024-804,0,2023-10-01,Long-term,25.0,60.0,Strip,100.73,0.059,1.38,99.9,95.0,105.0,1.0,80.0
ST-033,Amoxy-250,B2024-804,3,2023-12-30,Long-term,25.0,60.0,Strip,100.06,0.144,1.87,92.8,95.0,105.0,1.0,80.0
ST-033,Amoxy-250,B2024-804,6,2024-03-29,Long-term,25.0,60.0,Strip,99.88,0.194,1.87,93.1,95.0,105.0,1.0,80.0
ST-033,Amoxy-250,B2024-804,9,2024-06-27,Long-term,25.0,60.0,Strip,96.22,0.737,2.51,98.8,95.0,105.0,1.0,80.0
ST-033,Amoxy-250,B2024-804,12,2024-09-25,Long-term,25.0,60.0,Strip,98.93,0.307,1.1,96.8,95.0,105.0,1.0,80.0
ST-033,Amoxy-250,B2024-804,18,2025-03-24,Long-term,25.0,60.0,Strip,98.14,0.431,2.43,97.7,95.0,105.0,1.0,80.0
ST-033,Amoxy-250,B2024-804,24,2025-09-20,Long-term,25.0,60.0,Strip,97.16,0.562,1.88,91.0,95.0,105.0,1.0,80.0
ST-033,Amoxy-250,B2024-804,36,2026-09-15,Long-term,25.0,60.0,Strip,95.12,0.776,1.9,93.2,95.0,105.0,1.0,80.0
ST-034,Omeparazole-20,B2024-180,0,2024-09-03,Long-term,25.0,60.0,Blister,99.33,0.217,2.84,97.1,95.0,105.0,1.0,80.0
ST-034,Omeparazole-20,B2024-180,3,2024-12-02,Long-term,25.0,60.0,Blister,97.58,0.373,1.72,97.8,95.0,105.0,1.0,80.0
ST-034,Omeparazole-20,B2024-180,6,2025-03-02,Long-term,25.0,60.0,Blister,96.12,0.558,2.67,91.0,95.0,105.0,1.0,80.0
ST-034,Omeparazole-20,B2024-180,9,2025-05-31,Long-term,25.0,60.0,Blister,94.72,0.706,1.89,98.9,95.0,105.0,1.0,80.0
ST-034,Omeparazole-20,B2024-180,12,2025-08-29,Long-term,25.0,60.0,Blister,93.13,0.872,1.18,95.7,95.0,105.0,1.0,80.0
ST-034,Omeparazole-20,B2024-180,18,2026-02-25,Long-term,25.0,60.0,Blister,90.39,1.239,2.1,91.8,95.0,105.0,1.0,80.0
ST-034,Omeparazole-20,B2024-180,24,2026-08-24,Long-term,25.0,60.0,Blister,87.35,1.594,1.36,94.3,95.0,105.0,1.0,80.0
ST-034,Omeparazole-20,B2024-180,36,2027-08-19,Long-term,25.0,60.0,Blister,81.05,2.294,1.02,97.0,95.0,105.0,1.0,80.0
ST-035,Para-500,B2023-712,0,2024-01-01,Long-term,25.0,60.0,Bottle,99.52,0.106,2.01,98.5,95.0,105.0,1.0,80.0
ST-035,Para-500,B2023-712,3,2024-03-31,Long-term,25.0,60.0,Bottle,99.07,0.188,2.49,94.0,95.0,105.0,1.0,80.0
ST-035,Para-500,B2023-712,6,2024-06-29,Long-term,25.0,60.0,Bottle,98.68,0.236,2.3,91.8,95.0,105.0,1.0,80.0
ST-035,Para-500,B2023-712,9,2024-09-27,Long-term,25.0,60.0,Bottle,95.14,0.79,1.4,99.8,95.0,105.0,1.0,80.0
ST-035,Para-500,B2023-712,12,2024-12-26,Long-term,25.0,60.0,Bottle,97.53,0.363,2.86,97.0,95.0,105.0,1.0,80.0
ST-035,Para-500,B2023-712,18,2025-06-24,Long-term,25.0,60.0,Bottle,96.58,0.475,1.26,99.8,95.0,105.0,1.0,80.0
ST-035,Para-500,B2023-712,24,2025-12-21,Long-term,25.0,60.0,Bottle,95.68,0.606,2.24,95.9,95.0,105.0,1.0,80.0
ST-036,Omeparazole-20,B2023-622,0,2023-11-03,Long-term,25.0,60.0,Blister,100.52,0.104,1.71,95.0,95.0,105.0,1.0,80.0
ST-036,Omeparazole-20,B2023-622,3,2024-02-01,Long-term,25.0,60.0,Blister,100.25,0.15,1.31,98.8,95.0,105.0,1.0,80.0
ST-036,Omeparazole-20,B2023-622,6,2024-05-01,Long-term,25.0,60.0,Blister,99.57,0.228,2.7,90.4,95.0,105.0,1.0,80.0
ST-036,Omeparazole-20,B2023-622,9,2024-07-30,Long-term,25.0,60.0,Blister,99.23,0.255,2.82,97.1,95.0,105.0,1.0,80.0
ST-036,Omeparazole-20,B2023-622,12,2024-10-28,Long-term,25.0,60.0,Blister,98.69,0.309,1.06,97.2,95.0,105.0,1.0,80.0
ST-036,Omeparazole-20,B2023-622,18,2025-04-26,Long-term,25.0,60.0,Blister,97.34,0.419,2.21,95.2,95.0,105.0,1.0,80.0
ST-036,Omeparazole-20,B2023-622,24,2025-10-23,Long-term,25.0,60.0,Blister,96.4,0.531,2.19,94.8,95.0,105.0,1.0,80.0
ST-037,Ibuprofen-400,B2025-494,0,2024-11-27,Long-term,25.0,60.0,Strip,101.02,0.141,1.16,99.9,95.0,105.0,1.0,80.0
ST-037,Ibuprofen-400,B2025-494,3,2025-02-25,Long-term,25.0,60.0,Strip,100.53,0.183,2.0,97.5,95.0,105.0,1.0,80.0
ST-037,Ibuprofen-400,B2025-494,6,2025-05-26,Long-term,25.0,60.0,Strip,100.04,0.272,1.52,95.0,95.0,105.0,1.0,80.0
ST-037,Ibuprofen-400,B2025-494,9,2025-08-24,Long-term,25.0,60.0,Strip,99.44,0.309,1.24,92.5,95.0,105.0,1.0,80.0
ST-037,Ibuprofen-400,B2025-494,12,2025-11-22,Long-term,25.0,60.0,Strip,98.9,0.377,1.61,96.6,95.0,105.0,1.0,80.0
ST-037,Ibuprofen-400,B2025-494,18,2026-05-21,Long-term,25.0,60.0,Strip,98.03,0.521,2.13,99.6,95.0,105.0,1.0,80.0
ST-037,Ibuprofen-400,B2025-494,24,2026-11-17,Long-term,25.0,60.0,Strip,97.24,0.65,1.33,90.5,95.0,105.0,1.0,80.0
ST-038,Ibuprofen-400,B2024-260,0,2023-07-23,Long-term,25.0,60.0,Strip,99.99,0.157,1.5,97.5,95.0,105.0,1.0,80.0
ST-038,Ibuprofen-400,B2024-260,3,2023-10-21,Long-term,25.0,60.0,Strip,99.63,0.209,2.09,94.7,95.0,105.0,1.0,80.0
ST-038,Ibuprofen-400,B2024-260,6,2024-01-19,Long-term,25.0,60.0,Strip,98.83,0.264,2.35,93.4,95.0,105.0,1.0,80.0
ST-038,Ibuprofen-400,B2024-260,9,2024-04-18,Long-term,25.0,60.0,Strip,98.45,0.313,1.29,92.5,95.0,105.0,1.0,80.0
ST-038,Ibuprofen-400,B2024-260,12,2024-07-17,Long-term,25.0,60.0,Strip,97.92,0.362,1.43,96.8,95.0,105.0,1.0,80.0
ST-038,Ibuprofen-400,B2024-260,18,2025-01-13,Long-term,25.0,60.0,Strip,97.04,0.464,1.7,98.6,95.0,105.0,1.0,80.0
ST-038,Ibuprofen-400,B2024-260,24,2025-07-12,Long-term,25.0,60.0,Strip,95.92,0.552,1.15,97.1,95.0,105.0,1.0,80.0
ST-039,Ibuprofen-400,B2025-590,0,2024-09-13,Long-term,25.0,60.0,Bottle,100.29,0.214,1.96,97.2,95.0,105.0,1.0,80.0
ST-039,Ibuprofen-400,B2025-590,3,2024-12-12,Long-term,25.0,60.0,Bottle,99.74,0.268,1.17,92.9,95.0,105.0,1.0,80.0
ST-039,Ibuprofen-400,B2025-590,6,2025-03-12,Long-term,25.0,60.0,Bottle,99.4,0.311,2.36,99.4,95.0,105.0,1.0,80.0
ST-039,Ibuprofen-400,B2025-590,9,2025-06-10,Long-term,25.0,60.0,Bottle,98.81,0.385,1.55,94.7,95.0,105.0,1.0,80.0
ST-039,Ibuprofen-400,B2025-590,12,2025-09-08,Long-term,25.0,60.0,Bottle,98.56,0.47,1.39,94.1,95.0,105.0,1.0,80.0
ST-039,Ibuprofen-400,B2025-590,18,2026-03-07,Long-term,25.0,60.0,Bottle,97.39,0.587,1.23,93.1,95.0,105.0,1.0,80.0
ST-039,Ibuprofen-400,B2025-590,24,2026-09-03,Long-term,25.0,60.0,Bottle,96.58,0.726,2.28,92.2,95.0,105.0,1.0,80.0
ST-039,Ibuprofen-400,B2025-590,36,2027-08-29,Long-term,25.0,60.0,Bottle,94.96,0.971,2.11,93.0,95.0,105.0,1.0,80.0
ST-040,Omeparazole-20,B2023-103,0,2023-08-26,Long-term,25.0,60.0,Strip,99.89,0.177,1.76,92.9,95.0,105.0,1.0,80.0
ST-040,Omeparazole-20,B2023-103,3,2023-11-24,Long-term,25.0,60.0,Strip,99.62,0.227,1.34,93.8,95.0,105.0,1.0,80.0
ST-040,Omeparazole-20,B2023-103,6,2024-02-22,Long-term,25.0,60.0,Strip,99.3,0.257,1.91,97.9,95.0,105.0,1.0,80.0
ST-040,Omeparazole-20,B2023-103,9,2024-05-22,Long-term,25.0,60.0,Strip,98.82,0.328,1.87,93.8,95.0,105.0,1.0,80.0
ST-040,Omeparazole-20,B2023-103,12,2024-08-20,Long-term,25.0,60.0,Strip,98.68,0.355,1.44,90.0,95.0,105.0,1.0,80.0
ST-040,Omeparazole-20,B2023-103,18,2025-02-16,Long-term,25.0,60.0,Strip,97.8,0.452,1.56,94.9,95.0,105.0,1.0,80.0
ST-040,Omeparazole-20,B2023-103,24,2025-08-15,Long-term,25.0,60.0,Strip,97.14,0.525,1.35,99.1,95.0,105.0,1.0,80.0
ST-041,Metformin-XR,B2025-742,0,2023-08-07,Long-term,25.0,60.0,Bottle,100.63,0.2,2.93,92.9,95.0,105.0,1.0,80.0
ST-041,Metformin-XR,B2025-742,3,2023-11-05,Long-term,25.0,60.0,Bottle,99.45,0.383,1.03,98.4,95.0,105.0,1.0,80.0
ST-041,Metformin-XR,B2025-742,6,2024-02-03,Long-term,25.0,60.0,Bottle,97.88,0.626,2.64,90.5,95.0,105.0,1.0,80.0
ST-041,Metformin-XR,B2025-742,9,2024-05-03,Long-term,25.0,60.0,Bottle,96.53,0.816,2.16,91.6,95.0,105.0,1.0,80.0
ST-041,Metformin-XR,B2025-742,12,2024-08-01,Long-term,25.0,60.0,Bottle,94.86,1.025,2.5,99.1,95.0,105.0,1.0,80.0
ST-041,Metformin-XR,B2025-742,18,2025-01-28,Long-term,25.0,60.0,Bottle,91.84,1.443,1.56,97.9,95.0,105.0,1.0,80.0
ST-041,Metformin-XR,B2025-742,24,2025-07-27,Long-term,25.0,60.0,Bottle,89.07,1.854,1.89,94.3,95.0,105.0,1.0,80.0
ST-042,Metformin-XR,B2025-815,0,2023-10-03,Long-term,25.0,60.0,Strip,99.62,0.152,1.12,98.6,95.0,105.0,1.0,80.0
ST-042,Metformin-XR,B2025-815,3,2024-01-01,Long-term,25.0,60.0,Strip,99.48,0.206,1.52,98.6,95.0,105.0,1.0,80.0
ST-042,Metformin-XR,B2025-815,6,2024-03-31,Long-term,25.0,60.0,Strip,98.71,0.282,2.14,93.1,95.0,105.0,1.0,80.0
ST-042,Metformin-XR,B2025-815,9,2024-06-29,Long-term,25.0,60.0,Strip,95.3,0.848,1.18,98.0,95.0,105.0,1.0,80.0
ST-042,Metformin-XR,B2025-815,12,2024-09-27,Long-term,25.0,60.0,Strip,98.15,0.386,2.01,94.8,95.0,105.0,1.0,80.0
ST-042,Metformin-XR,B2025-815,18,2025-03-26,Long-term,25.0,60.0,Strip,97.06,0.539,2.79,94.6,95.0,105.0,1.0,80.0
ST-042,Metformin-XR,B2025-815,24,2025-09-22,Long-term,25.0,60.0,Strip,96.16,0.641,2.75,95.7,95.0,105.0,1.0,80.0
ST-043,Ibuprofen-400,B2025-594,0,2024-05-21,Long-term,25.0,60.0,Blister,100.21,0.154,2.16,94.7,95.0,105.0,1.0,80.0
ST-043,Ibuprofen-400,B2025-594,3,2024-08-19,Long-term,25.0,60.0,Blister,99.44,0.214,1.58,95.5,95.0,105.0,1.0,80.0
ST-043,Ibuprofen-400,B2025-594,6,2024-11-17,Long-term,25.0,60.0,Blister,99.02,0.252,1.72,95.4,95.0,105.0,1.0,80.0
ST-043,Ibuprofen-400,B2025-594,9,2025-02-15,Long-term,25.0,60.0,Blister,98.46,0.327,1.17,96.7,95.0,105.0,1.0,80.0
ST-043,Ibuprofen-400,B2025-594,12,2025-05-16,Long-term,25.0,60.0,Blister,97.88,0.373,2.52,92.2,95.0,105.0,1.0,80.0
ST-043,Ibuprofen-400,B2025-594,18,2025-11-12,Long-term,25.0,60.0,Blister,96.66,0.512,2.17,94.8,95.0,105.0,1.0,80.0
ST-043,Ibuprofen-400,B2025-594,24,2026-05-11,Long-term,25.0,60.0,Blister,95.18,0.633,2.22,98.1,95.0,105.0,1.0,80.0
ST-044,Metformin-XR,B2023-619,0,2024-10-19,Long-term,25.0,60.0,Blister,99.39,0.188,2.21,94.7,95.0,105.0,1.0,80.0
ST-044,Metformin-XR,B2023-619,3,2025-01-17,Long-term,25.0,60.0,Blister,99.16,0.194,2.28,90.7,95.0,105.0,1.0,80.0
ST-044,Metformin-XR,B2023-619,6,2025-04-17,Long-term,25.0,60.0,Blister,98.6,0.227,1.95,92.3,95.0,105.0,1.0,80.0
ST-044,Metformin-XR,B2023-619,9,2025-07-16,Long-term,25.0,60.0,Blister,98.23,0.275,1.34,91.9,95.0,105.0,1.0,80.0
ST-044,Metformin-XR,B2023-619,12,2025-10-14,Long-term,25.0,60.0,Blister,97.99,0.314,2.76,93.3,95.0,105.0,1.0,80.0
ST-044,Metformin-XR,B2023-619,18,2026-04-12,Long-term,25.0,60.0,Blister,97.02,0.388,1.64,98.0,95.0,105.0,1.0,80.0
ST-044,Metformin-XR,B2023-619,24,2026-10-09,Long-term,25.0,60.0,Blister,96.45,0.429,2.53,92.5,95.0,105.0,1.0,80.0
ST-045,Ibuprofen-400,B2024-220,0,2024-08-21,Long-term,25.0,60.0,Bottle,99.11,0.151,2.73,91.6,95.0,105.0,1.0,80.0
ST-045,Ibuprofen-400,B2024-220,3,2024-11-19,Long-term,25.0,60.0,Bottle,98.57,0.181,2.53,98.0,95.0,105.0,1.0,80.0
ST-045,Ibuprofen-400,B2024-220,6,2025-02-17,Long-term,25.0,60.0,Bottle,98.06,0.219,2.47,94.8,95.0,105.0,1.0,80.0
ST-045,Ibuprofen-400,B2024-220,9,2025-05-18,Long-term,25.0,60.0,Bottle,97.64,0.249,1.97,94.8,95.0,105.0,1.0,80.0
ST-045,Ibuprofen-400,B2024-220,12,2025-08-16,Long-term,25.0,60.0,Bottle,96.9,0.291,2.75,98.6,95.0,105.0,1.0,80.0
ST-045,Ibuprofen-400,B2024-220,18,2026-02-12,Long-term,25.0,60.0,Bottle,96.01,0.375,2.48,98.7,95.0,105.0,1.0,80.0
ST-045,Ibuprofen-400,B2024-220,24,2026-08-11,Long-term,25.0,60.0,Bottle,94.87,0.425,1.56,96.9,95.0,105.0,1.0,80.0
ST-045,Ibuprofen-400,B2024-220,36,2027-08-06,Long-term,25.0,60.0,Bottle,92.49,0.569,1.2,94.4,95.0,105.0,1.0,80.0
ST-046,Metformin-XR,B2024-893,0,2023-09-21,Long-term,25.0,60.0,Blister,100.48,0.122,1.34,91.7,95.0,105.0,1.0,80.0
ST-046,Metformin-XR,B2024-893,3,2023-12-20,Long-term,25.0,60.0,Blister,99.7,0.175,2.96,96.9,95.0,105.0,1.0,80.0
ST-046,Metformin-XR,B2024-893,6,2024-03-19,Long-term,25.0,60.0,Blister,99.42,0.256,2.74,90.8,95.0,105.0,1.0,80.0
ST-046,Metformin-XR,B2024-893,9,2024-06-17,Long-term,25.0,60.0,Blister,95.92,0.796,2.62,90.5,95.0,105.0,1.0,80.0
ST-046,Metformin-XR,B2024-893,12,2024-09-15,Long-term,25.0,60.0,Blister,98.52,0.377,2.81,91.6,95.0,105.0,1.0,80.0
ST-046,Metformin-XR,B2024-893,18,2025-03-14,Long-term,25.0,60.0,Blister,97.58,0.499,2.43,93.0,95.0,105.0,1.0,80.0
ST-046,Metformin-XR,B2024-893,24,2025-09-10,Long-term,25.0,60.0,Blister,96.86,0.628,1.43,92.0,95.0,105.0,1.0,80.0
ST-047,Omeparazole-20,B2024-631,0,2024-08-18,Long-term,25.0,60.0,Strip,100.65,0.132,1.64,98.6,95.0,105.0,1.0,80.0
ST-047,Omeparazole-20,B2024-631,3,2024-11-16,Long-term,25.0,60.0,Strip,99.6,0.327,1.46,96.4,95.0,105.0,1.0,80.0
ST-047,Omeparazole-20,B2024-631,6,2025-02-14,Long-term,25.0,60.0,Strip,98.13,0.486,2.98,90.6,95.0,105.0,1.0,80.0
ST-047,Omeparazole-20,B2024-631,9,2025-05-15,Long-term,25.0,60.0,Strip,97.12,0.704,1.39,90.0,95.0,105.0,1.0,80.0
ST-047,Omeparazole-20,B2024-631,12,2025-08-13,Long-term,25.0,60.0,Strip,95.77,0.904,2.93,97.4,95.0,105.0,1.0,80.0
ST-047,Omeparazole-20,B2024-631,18,2026-02-09,Long-term,25.0,60.0,Strip,93.48,1.294,1.72,92.9,95.0,105.0,1.0,80.0
ST-047,Omeparazole-20,B2024-631,24,2026-08-08,Long-term,25.0,60.0,Strip,90.91,1.683,2.52,99.4,95.0,105.0,1.0,80.0
ST-048,Amoxy-250,B2024-517,0,2025-01-12,Long-term,25.0,60.0,Bottle,100.79,0.186,2.93,97.0,95.0,105.0,1.0,80.0
ST-048,Amoxy-250,B2024-517,3,2025-04-12,Long-term,25.0,60.0,Bottle,100.34,0.232,1.29,96.1,95.0,105.0,1.0,80.0
ST-048,Amoxy-250,B2024-517,6,2025-07-11,Long-term,25.0,60.0,Bottle,99.83,0.303,2.38,99.2,95.0,105.0,1.0,80.0
ST-048,Amoxy-250,B2024-517,9,2025-10-09,Long-term,25.0,60.0,Bottle,99.18,0.381,1.75,92.0,95.0,105.0,1.0,80.0
ST-048,Amoxy-250,B2024-517,12,2026-01-07,Long-term,25.0,60.0,Bottle,99.03,0.433,1.43,99.0,95.0,105.0,1.0,80.0
ST-048,Amoxy-250,B2024-517,18,2026-07-06,Long-term,25.0,60.0,Bottle,98.11,0.571,1.41,90.3,95.0,105.0,1.0,80.0
ST-048,Amoxy-250,B2024-517,24,2027-01-02,Long-term,25.0,60.0,Bottle,97.18,0.706,2.39,93.7,95.0,105.0,1.0,80.0
ST-048,Amoxy-250,B2024-517,36,2027-12-28,Long-term,25.0,60.0,Bottle,95.0,0.993,2.73,94.2,95.0,105.0,1.0,80.0
ST-049,Amoxy-250,B2025-899,0,2024-06-04,Long-term,25.0,60.0,Strip,100.63,0.1,2.94,94.8,95.0,105.0,1.0,80.0
ST-049,Amoxy-250,B2025-899,3,2024-09-02,Long-term,25.0,60.0,Strip,100.43,0.184,2.49,99.6,95.0,105.0,1.0,80.0
ST-049,Amoxy-250,B2025-899,6,2024-12-01,Long-term,25.0,60.0,Strip,99.93,0.253,2.22,97.1,95.0,105.0,1.0,80.0
ST-049,Amoxy-250,B2025-899,9,2025-03-01,Long-term,25.0,60.0,Strip,96.39,0.813,1.86,99.3,95.0,105.0,1.0,80.0
ST-049,Amoxy-250,B2025-899,12,2025-05-30,Long-term,25.0,60.0,Strip,98.96,0.337,2.61,95.7,95.0,105.0,1.0,80.0
ST-049,Amoxy-250,B2025-899,18,2025-11-26,Long-term,25.0,60.0,Strip,98.01,0.485,1.17,97.8,95.0,105.0,1.0,80.0
ST-049,Amoxy-250,B2025-899,24,2026-05-25,Long-term,25.0,60.0,Strip,96.95,0.59,1.42,90.0,95.0,105.0,1.0,80.0
ST-050,Ibuprofen-400,B2023-236,0,2023-12-05,Long-term,25.0,60.0,Bottle,99.88,0.141,2.63,98.7,95.0,105.0,1.0,80.0
ST-050,Ibuprofen-400,B2023-236,3,2024-03-04,Long-term,25.0,60.0,Bottle,99.52,0.179,2.22,92.4,95.0,105.0,1.0,80.0
ST-050,Ibuprofen-400,B2023-236,6,2024-06-02,Long-term,25.0,60.0,Bottle,99.44,0.213,1.46,99.6,95.0,105.0,1.0,80.0
ST-050,Ibuprofen-400,B2023-236,9,2024-08-31,Long-term,25.0,60.0,Bottle,98.86,0.247,2.16,99.8,95.0,105.0,1.0,80.0
ST-050,Ibuprofen-400,B2023-236,12,2024-11-29,Long-term,25.0,60.0,Bottle,98.76,0.289,1.38,92.3,95.0,105.0,1.0,80.0
ST-050,Ibuprofen-400,B2023-236,18,2025-05-28,Long-term,25.0,60.0,Bottle,97.88,0.33,1.98,97.7,95.0,105.0,1.0,80.0
ST-050,Ibuprofen-400,B2023-236,24,2025-11-24,Long-term,25.0,60.0,Bottle,97.15,0.436,1.69,96.5,95.0,105.0,1.0,80.0
ST-050,Ibuprofen-400,B2023-236,36,2026-11-19,Long-term,25.0,60.0,Bottle,95.51,0.556,2.07,98.2,95.0,105.0,1.0,80.0
ST-050,Tablet_A,B2025_01,15,2025-01-01,Long-term,25.0,60.0,Blister,97.0,0.75,0.0,0.0,95.0,105.0,1.0,
ST-050,Tablet_A,B2025_01,20,2025-01-01,Long-term,25.0,60.0,Blister,90.0,0.75,0.0,0.0,95.0,105.0,1.0,
ST001,,,12,,,,,,98.2,0.22,1.5,93.0,,,,
ST001,,,12,,,,,,98.2,0.22,1.5,93.0,,,,
ST-006,Tablet_A,B2025_01,24,2025-01-01,Long-term,25.0,60.0,Blister,91.5,0.75,0.0,0.0,95.0,105.0,1.0,
ST-001,Tablet_A,B2025_01,24,2025-01-01,Long-term,25.0,60.0,Blister,91.5,0.75,0.0,0.0,95.0,105.0,1.0,
ST-001,Tablet_A,B2025_01,9,2025-01-01,Long-term,25.0,60.0,Blister,85.0,2.5,0.0,0.0,95.0,105.0,1.0,
ST-001,Tablet_A,B2025_01,15,2025-01-01,Long-term,25.0,60.0,Blister,97.0,0.28,0.0,0.0,95.0,105.0,1.0,
ST-001,Tablet_A,B2025_01,15,2025-01-01,Long-term,25.0,60.0,Blister,97.0,0.28,0.0,0.0,95.0,105.0,1.0,
ST-005,Tablet_A,B2025_01,15,2025-01-01,Long-term,25.0,60.0,Blister,97.9,0.45,0.0,0.0,95.0,105.0,1.0,
ST-002,Tablet_A,B2025_01,15,2025-01-01,Long-term,25.0,60.0,Blister,98.0,0.25,0.0,0.0,95.0,105.0,1.0,
ST-002,Tablet_A,B2025_01,15,2025-01-01,Long-term,25.0,60.0,Blister,92.0,0.5,0.0,0.0,95.0,105.0,1.0,
ST-001,Tablet_A,B2025_01,20,2025-01-01,Long-term,25.0,60.0,Blister,94.0,0.5,0.0,0.0,95.0,105.0,1.0,
ST-001,Tablet_A,B2025_01,15,2025-01-01,Long-term,25.0,60.0,Blister,95.0,0.5,0.0,0.0,95.0,105.0,1.0,
ST-001,Tablet_A,B2025_01,24,2025-01-01,Long-term,25.0,60.0,Blister,91.0,0.5,0.0,0.0,95.0,105.0,1.0,
ST-001,Tablet_A,B2025_01,30,2025-01-01,Long-term,25.0,60.0,Blister,91.0,0.5,0.0,0.0,95.0,105.0,1.0,
ST-001,Tablet_A,B2025_01,36,2025-01-01,Long-term,25.0,60.0,Blister,90.0,0.7,0.0,0.0,95.0,105.0,1.0,
ST-001,Tablet_A,B2025_01,30,2025-01-01,Long-term,25.0,60.0,Blister,91.0,0.7,0.0,0.0,95.0,105.0,1.0,
ST-001,Tablet_A,B2025_01,24,2025-01-01,Long-term,25.0,60.0,Blister,91.0,0.7,0.0,0.0,95.0,105.0,1.0,
ST-001,Tablet_A,B2025_01,24,2025-01-01,Long-term,25.0,60.0,Blister,95.0,0.25,0.0,0.0,95.0,105.0,1.0,
ST-001,Tablet_A,B2025_01,23,2025-01-01,Long-term,25.0,60.0,Blister,98.0,0.25,0.0,0.0,95.0,105.0,1.0,
ST-001,Tablet_A,B2025_01,20,2025-01-01,Long-term,25.0,60.0,Blister,98.0,0.25,0.0,0.0,95.0,105.0,1.0,
ST-001,Tablet_A,B2025_01,28,2025-01-01,Long-term,25.0,60.0,Blister,98.0,0.25,0.0,0.0,95.0,105.0,1.0,
ST-001,Tablet_A,B2025_01,6,2025-01-01,Long-term,25.0,60.0,Blister,98.0,0.25,0.0,0.0,95.0,105.0,1.0,
ST-001,Tablet_A,B2025_01,4,2025-01-01,Long-term,25.0,60.0,Blister,98.0,0.23,0.0,0.0,95.0,105.0,1.0,
ST-001,Tablet_A,B2025_01,10,2025-01-01,Long-term,25.0,60.0,Blister,95.1,0.4,0.0,0.0,95.0,105.0,1.0,
ST-001,Tablet_A,B2025_01,9,2025-01-01,Long-term,25.0,60.0,Blister,95.0,0.5,0.0,0.0,95.0,105.0,1.0,
ST-001,Tablet_A,B2025_01,6,2025-01-01,Long-term,25.0,60.0,Blister,97.0,0.4,0.0,0.0,95.0,105.0,1.0,
ST-001,Tablet_A,B2025_01,9,2025-01-01,Long-term,25.0,60.0,Blister,94.0,0.5,0.0,0.0,95.0,105.0,1.0,
ST-001,Tablet_A,B2025_01,6,2025-01-01,Long-term,25.0,60.0,Blister,95.0,0.5,0.0,0.0,95.0,105.0,1.0,
ST-001,Tablet_A,B2025_01,4,2025-01-01,Long-term,25.0,60.0,Blister,95.0,0.3,0.0,0.0,95.0,105.0,1.0,
ST-001,Tablet_A,B2025_01,5,2025-01-01,Long-term,25.0,60.0,Blister,95.0,0.4,0.0,0.0,95.0,105.0,1.0,
ST-001,Tablet_A,B2025_01,7,2025-01-01,Long-term,25.0,60.0,Blister,97.0,0.5,0.0,0.0,95.0,105.0,1.0,
ST-001,Tablet_A,B2025_01,7,2025-01-01,Long-term,25.0,60.0,Blister,91.0,0.5,0.0,0.0,95.0,105.0,1.0,
ST-001,Tablet_A,B2025_01,3,2025-01-01,Long-term,25.0,60.0,Blister,94.0,0.4,0.0,0.0,95.0,105.0,1.0,
ST-001,Tablet_A,B2025_01,5,2025-01-01,Long-term,25.0,60.0,Blister,97.0,0.2,0.0,0.0,95.0,105.0,1.0,
ST-001,Tablet_A,B2025_01,3,2025-01-01,Long-term,25.0,60.0,Blister,95.0,0.4,0.0,0.0,95.0,105.0,1.0,
ST-012,Tablet_A,B2025_01,4,2025-01-01,Long-term,25.0,60.0,Blister,95.0,0.56,0.0,0.0,95.0,105.0,1.0,
ST-012,Tablet_A,B2025_01,4,2025-01-01,Long-term,25.0,60.0,Blister,99.0,0.1,0.0,0.0,95.0,105.0,1.0,
ST-014,Tablet_A,B2025_01,3,2025-01-01,Long-term,25.0,60.0,Blister,98.0,0.12,0.0,0.0,95.0,105.0,1.0,
ST-001,Tablet_A,B2025_01,5,2025-01-01,Long-term,25.0,60.0,Blister,98.0,0.2,0.0,0.0,95.0,105.0,1.0,
ST-001,Tablet_A,B2025_01,3,2025-01-01,Long-term,25.0,60.0,Blister,99.0,0.1,0.0,0.0,95.0,105.0,1.0,
ST-001,Tablet_A,B2025_01,3,2025-01-01,Long-term,25.0,60.0,Blister,99.0,0.2,0.0,0.0,95.0,105.0,1.0,
ST-001,Tablet_A,B2025_01,3,2025-01-01,Long-term,25.0,60.0,Blister,97.0,0.6,0.0,0.0,95.0,105.0,1.0,
ST001,,,12,,,,,,98.2,0.22,1.5,93.0,,,,
